plan_id,archetype,plot_width,plot_length,plot_area,bedrooms_count,bathrooms_count,rooms_count,doors_count,is_valid,balcony_area,balcony_count,bathroom_1_area,bathroom_2_area,bathroom_3_area,bathroom_area,bedroom_1_area,bedroom_2_area,bedroom_3_area,bedroom_4_area,dining_count,dining_room_area,kitchen_area,living_room_area,parking_area,parking_count,study_count,utility_area,utility_count
P001,executive_residence_parking_balcony_mirrored,30.0,50.0,1500.0,3,2,10,10,True,60.0,1,84.0,75.0,0.0,0.0,216.0,180.0,180.0,0.0,1,120.0,105.0,320.0,160.0,1,0,0.0,0
P002,open_concept_front_living_linear_core_mirrored,20.0,40.0,800.0,2,1,5,5,True,0.0,0,0.0,0.0,0.0,104.0,260.0,156.0,0.0,0.0,0,0.0,112.0,168.0,0.0,0,0,0.0,0
P003,3bed_2bath_wide_lot_suite_mirrored,25.0,40.0,1000.0,3,2,7,7,True,0.0,0,75.0,75.0,0.0,0.0,175.0,175.0,150.0,0.0,0,0.0,157.5,192.5,0.0,0,0,0.0,0
P004,2bed_2bath_master_suite,25.0,40.0,1000.0,2,2,6,6,True,0.0,0,73.5,84.0,0.0,0.0,115.5,377.0,0.0,0.0,0,0.0,147.0,203.0,0.0,0,0,0.0,0
P005,executive_residence_parking_balcony,30.0,50.0,1500.0,3,2,10,10,True,60.0,1,84.0,75.0,0.0,0.0,216.0,180.0,180.0,0.0,1,120.0,105.0,320.0,160.0,1,0,0.0,0
P006,2bed_2bath_compact_suite_mirrored,20.0,40.0,800.0,2,2,6,6,True,0.0,0,50.0,50.0,0.0,0.0,180.0,180.0,0.0,0.0,0,0.0,100.0,240.0,0.0,0,0,0.0,0
P007,4bed_3bath_luxury_estate,40.0,60.0,2400.0,4,3,9,9,True,0.0,0,168.0,72.0,112.0,0.0,480.0,480.0,196.0,252.0,0,0.0,256.0,384.0,0.0,0,0,0.0,0
P008,open_concept_front_living_linear_core_mirrored,20.0,40.0,800.0,2,1,5,5,True,0.0,0,0.0,0.0,0.0,104.0,260.0,156.0,0.0,0.0,0,0.0,126.0,154.0,0.0,0,0,0.0,0
P009,3bed_2bath_wide_lot_suite_mirrored,25.0,40.0,1000.0,3,2,7,7,True,0.0,0,75.0,75.0,0.0,0.0,175.0,175.0,150.0,0.0,0,0.0,157.5,192.5,0.0,0,0,0.0,0
P010,2bed_master_garden_balcony,20.0,40.0,800.0,2,1,6,6,True,50.0,1,0.0,0.0,0.0,100.0,110.0,160.0,0.0,0.0,0,0.0,100.0,280.0,0.0,0,0,0.0,0
P011,2bed_master_garden_balcony_mirrored,20.0,40.0,800.0,2,1,6,6,True,50.0,1,0.0,0.0,0.0,100.0,120.0,170.0,0.0,0.0,0,0.0,100.0,260.0,0.0,0,0,0.0,0
P012,executive_villa_estate_parking_balcony,40.0,60.0,2400.0,4,3,13,13,True,40.0,1,48.0,48.0,84.0,0.0,238.0,306.0,308.0,252.0,1,195.0,169.0,448.0,192.0,1,0,72.0,1
P013,4bed_3bath_luxury_estate_mirrored,40.0,60.0,2400.0,4,3,9,9,True,0.0,0,168.0,72.0,112.0,0.0,480.0,480.0,196.0,252.0,0,0.0,256.0,384.0,0.0,0,0,0.0,0
P014,1bed_suite_open_living_mirrored,20.0,30.0,600.0,1,1,4,4,True,0.0,0,0.0,0.0,0.0,132.0,198.0,0.0,0.0,0.0,0,0.0,108.0,162.0,0.0,0,0,0.0,0
P015,3bed_2bath_wide_lot_suite_mirrored,30.0,40.0,1200.0,3,2,7,7,True,0.0,0,90.0,90.0,0.0,0.0,210.0,210.0,180.0,0.0,0,0.0,189.0,231.0,0.0,0,0,0.0,0
P016,2bed_2bath_master_suite,25.0,40.0,1000.0,2,2,6,6,True,0.0,0,73.5,84.0,0.0,0.0,115.5,377.0,0.0,0.0,0,0.0,147.0,203.0,0.0,0,0,0.0,0
P017,3bed_2bath_family_residence_mirrored,30.0,50.0,1500.0,3,2,7,7,True,0.0,0,120.0,175.5,0.0,0.0,195.0,315.0,214.5,0.0,0,0.0,216.0,264.0,0.0,0,0,0.0,0
P018,2bed_2bath_master_suite,25.0,40.0,1000.0,2,2,6,6,True,0.0,0,73.5,84.0,0.0,0.0,126.0,391.5,0.0,0.0,0,0.0,136.5,188.5,0.0,0,0,0.0,0
P019,3bed_2bath_family_residence_mirrored,30.0,50.0,1500.0,3,2,7,7,True,0.0,0,120.0,175.5,0.0,0.0,210.0,330.0,214.5,0.0,0,0.0,202.5,247.5,0.0,0,0,0.0,0
P020,2bed_2bath_compact_suite,20.0,40.0,800.0,2,2,6,6,True,0.0,0,50.0,50.0,0.0,0.0,180.0,180.0,0.0,0.0,0,0.0,100.0,240.0,0.0,0,0,0.0,0
P021,2bed_2bath_compact_suite,20.0,40.0,800.0,2,2,6,6,True,0.0,0,50.0,50.0,0.0,0.0,180.0,180.0,0.0,0.0,0,0.0,100.0,240.0,0.0,0,0,0.0,0
P022,3bed_2bath_family_residence_mirrored,30.0,50.0,1500.0,3,2,7,7,True,0.0,0,120.0,162.0,0.0,0.0,240.0,360.0,198.0,0.0,0,0.0,189.0,231.0,0.0,0,0,0.0,0
P023,front_living_garden_kitchen_rear_twins_mirrored,20.0,40.0,800.0,2,1,5,5,True,0.0,0,0.0,0.0,0.0,96.0,130.0,144.0,0.0,0.0,0,0.0,130.0,300.0,0.0,0,0,0.0,0
P024,2bed_master_garden_balcony,20.0,40.0,800.0,2,1,6,6,True,50.0,1,0.0,0.0,0.0,100.0,110.0,160.0,0.0,0.0,0,0.0,100.0,280.0,0.0,0,0,0.0,0
P025,4bed_3bath_luxury_estate,40.0,60.0,2400.0,4,3,9,9,True,0.0,0,168.0,72.0,112.0,0.0,480.0,480.0,196.0,252.0,0,0.0,256.0,384.0,0.0,0,0,0.0,0
P026,2bed_master_garden_balcony,20.0,40.0,800.0,2,1,6,6,True,50.0,1,0.0,0.0,0.0,100.0,110.0,160.0,0.0,0.0,0,0.0,100.0,280.0,0.0,0,0,0.0,0
P027,executive_residence_parking_balcony_mirrored,30.0,50.0,1500.0,3,2,10,10,True,60.0,1,84.0,75.0,0.0,0.0,216.0,180.0,180.0,0.0,1,120.0,105.0,320.0,160.0,1,0,0.0,0
P028,2bed_dining_master_balcony_suite,25.0,40.0,1000.0,2,2,8,8,True,62.5,1,68.75,68.75,0.0,0.0,125.0,187.5,0.0,0.0,1,147.0,137.5,203.0,0.0,0,0,0.0,0
P029,executive_villa_estate_parking_balcony_mirrored,40.0,60.0,2400.0,4,3,13,13,True,40.0,1,48.0,48.0,84.0,0.0,238.0,306.0,308.0,252.0,1,195.0,169.0,448.0,192.0,1,0,72.0,1
P030,open_concept_front_living_linear_core,20.0,40.0,800.0,2,1,5,5,True,0.0,0,0.0,0.0,0.0,117.0,280.0,143.0,0.0,0.0,0,0.0,104.0,156.0,0.0,0,0,0.0,0
P031,3bed_2bath_wide_lot_suite_mirrored,30.0,40.0,1200.0,3,2,7,7,True,0.0,0,90.0,90.0,0.0,0.0,210.0,210.0,180.0,0.0,0,0.0,189.0,231.0,0.0,0,0,0.0,0
P032,3bed_2bath_wide_lot_suite_mirrored,25.0,40.0,1000.0,3,2,7,7,True,0.0,0,75.0,75.0,0.0,0.0,175.0,175.0,150.0,0.0,0,0.0,157.5,192.5,0.0,0,0,0.0,0
P033,4bed_3bath_luxury_estate_mirrored,40.0,60.0,2400.0,4,3,9,9,True,0.0,0,168.0,72.0,112.0,0.0,480.0,480.0,196.0,252.0,0,0.0,256.0,384.0,0.0,0,0,0.0,0
P034,1bed_suite_open_living,20.0,30.0,600.0,1,1,4,4,True,0.0,0,0.0,0.0,0.0,132.0,198.0,0.0,0.0,0.0,0,0.0,108.0,162.0,0.0,0,0,0.0,0
P035,2bed_2bath_master_suite_mirrored,25.0,40.0,1000.0,2,2,6,6,True,0.0,0,73.5,84.0,0.0,0.0,126.0,391.5,0.0,0.0,0,0.0,136.5,188.5,0.0,0,0,0.0,0
P036,3bed_2bath_family_residence_mirrored,30.0,50.0,1500.0,3,2,7,7,True,0.0,0,120.0,162.0,0.0,0.0,210.0,330.0,198.0,0.0,0,0.0,216.0,264.0,0.0,0,0,0.0,0
P037,executive_residence_parking_balcony_mirrored,30.0,50.0,1500.0,3,2,10,10,True,60.0,1,84.0,75.0,0.0,0.0,216.0,180.0,180.0,0.0,1,120.0,105.0,320.0,160.0,1,0,0.0,0
P038,executive_villa_estate_parking_balcony_mirrored,40.0,60.0,2400.0,4,3,13,13,True,40.0,1,48.0,48.0,84.0,0.0,238.0,306.0,308.0,252.0,1,195.0,169.0,448.0,192.0,1,0,72.0,1
P039,2bed_dining_master_balcony_suite_mirrored,25.0,40.0,1000.0,2,2,8,8,True,62.5,1,68.75,68.75,0.0,0.0,125.0,187.5,0.0,0.0,1,147.0,137.5,203.0,0.0,0,0,0.0,0
P040,2bed_master_garden_balcony,20.0,40.0,800.0,2,1,6,6,True,50.0,1,0.0,0.0,0.0,110.0,110.0,160.0,0.0,0.0,0,0.0,110.0,260.0,0.0,0,0,0.0,0
P041,2bed_2bath_master_suite,25.0,40.0,1000.0,2,2,6,6,True,0.0,0,73.5,84.0,0.0,0.0,115.5,377.0,0.0,0.0,0,0.0,147.0,203.0,0.0,0,0,0.0,0
P042,4bed_3bath_luxury_estate,40.0,60.0,2400.0,4,3,9,9,True,0.0,0,168.0,72.0,112.0,0.0,480.0,480.0,196.0,252.0,0,0.0,256.0,384.0,0.0,0,0,0.0,0
P043,executive_residence_parking_balcony_mirrored,30.0,50.0,1500.0,3,2,10,10,True,60.0,1,84.0,75.0,0.0,0.0,216.0,180.0,180.0,0.0,1,120.0,105.0,320.0,160.0,1,0,0.0,0
P044,3bed_2bath_wide_lot_suite_mirrored,25.0,40.0,1000.0,3,2,7,7,True,0.0,0,75.0,75.0,0.0,0.0,175.0,175.0,150.0,0.0,0,0.0,157.5,192.5,0.0,0,0,0.0,0
P045,front_living_garden_kitchen_rear_twins_mirrored,20.0,40.0,800.0,2,1,5,5,True,0.0,0,0.0,0.0,0.0,96.0,140.0,144.0,0.0,0.0,0,0.0,140.0,280.0,0.0,0,0,0.0,0
P046,front_living_garden_kitchen_rear_twins,20.0,40.0,800.0,2,1,5,5,True,0.0,0,0.0,0.0,0.0,96.0,140.0,144.0,0.0,0.0,0,0.0,140.0,280.0,0.0,0,0,0.0,0
P047,4bed_3bath_luxury_estate_mirrored,40.0,60.0,2400.0,4,3,9,9,True,0.0,0,168.0,72.0,112.0,0.0,480.0,480.0,196.0,252.0,0,0.0,256.0,384.0,0.0,0,0,0.0,0
P048,2bed_2bath_compact_suite,20.0,40.0,800.0,2,2,6,6,True,0.0,0,50.0,50.0,0.0,0.0,180.0,180.0,0.0,0.0,0,0.0,100.0,240.0,0.0,0,0,0.0,0
P049,2bed_dining_master_balcony_suite,25.0,40.0,1000.0,2,2,8,8,True,62.5,1,68.75,68.75,0.0,0.0,125.0,187.5,0.0,0.0,1,147.0,137.5,203.0,0.0,0,0,0.0,0
P050,3bed_2bath_wide_lot_suite_mirrored,25.0,40.0,1000.0,3,2,7,7,True,0.0,0,75.0,75.0,0.0,0.0,175.0,175.0,150.0,0.0,0,0.0,157.5,192.5,0.0,0,0,0.0,0
