plan_id,archetype,plot_width,plot_length,plot_area,bedrooms_count,bathrooms_count,rooms_count,doors_count,is_valid,balcony_area,balcony_count,bathroom_1_area,bathroom_2_area,bedroom_1_area,bedroom_2_area,bedroom_3_area,dining_count,dining_room_area,kitchen_area,living_room_area,parking_area,parking_count,study_count,utility_count
P001,executive_residence_parking_balcony_mirrored,30.0,50.0,1500.0,3,2,10,10,True,60.0,1,84.0,75.0,216.0,180.0,180.0,1,120.0,105.0,320.0,160.0,1,0,0
P002,executive_residence_parking_balcony_mirrored,30.0,50.0,1500.0,3,2,10,10,True,60.0,1,84.0,75.0,216.0,180.0,180.0,1,120.0,105.0,320.0,160.0,1,0,0
P003,executive_residence_parking_balcony_mirrored,30.0,50.0,1500.0,3,2,10,10,True,60.0,1,84.0,75.0,216.0,180.0,180.0,1,120.0,105.0,320.0,160.0,1,0,0
P004,executive_residence_parking_balcony,30.0,50.0,1500.0,3,2,10,10,True,60.0,1,84.0,75.0,216.0,180.0,180.0,1,120.0,105.0,320.0,160.0,1,0,0
P005,executive_residence_parking_balcony_mirrored,30.0,50.0,1500.0,3,2,10,10,True,60.0,1,84.0,75.0,216.0,180.0,180.0,1,120.0,105.0,320.0,160.0,1,0,0
P006,executive_residence_parking_balcony,30.0,50.0,1500.0,3,2,10,10,True,60.0,1,84.0,75.0,216.0,180.0,180.0,1,120.0,105.0,320.0,160.0,1,0,0
P007,executive_residence_parking_balcony_mirrored,30.0,50.0,1500.0,3,2,10,10,True,60.0,1,84.0,75.0,216.0,180.0,180.0,1,120.0,105.0,320.0,160.0,1,0,0
P008,executive_residence_parking_balcony,30.0,50.0,1500.0,3,2,10,10,True,60.0,1,84.0,75.0,216.0,180.0,180.0,1,120.0,105.0,320.0,160.0,1,0,0
P009,executive_residence_parking_balcony,30.0,50.0,1500.0,3,2,10,10,True,60.0,1,84.0,75.0,216.0,180.0,180.0,1,120.0,105.0,320.0,160.0,1,0,0
P010,executive_residence_parking_balcony_mirrored,30.0,50.0,1500.0,3,2,10,10,True,60.0,1,84.0,75.0,216.0,180.0,180.0,1,120.0,105.0,320.0,160.0,1,0,0
P011,executive_residence_parking_balcony_mirrored,30.0,50.0,1500.0,3,2,10,10,True,60.0,1,84.0,75.0,216.0,180.0,180.0,1,120.0,105.0,320.0,160.0,1,0,0
P012,executive_residence_parking_balcony,30.0,50.0,1500.0,3,2,10,10,True,60.0,1,84.0,75.0,216.0,180.0,180.0,1,120.0,105.0,320.0,160.0,1,0,0
P013,executive_residence_parking_balcony,30.0,50.0,1500.0,3,2,10,10,True,60.0,1,84.0,75.0,216.0,180.0,180.0,1,120.0,105.0,320.0,160.0,1,0,0
P014,executive_residence_parking_balcony_mirrored,30.0,50.0,1500.0,3,2,10,10,True,60.0,1,84.0,75.0,216.0,180.0,180.0,1,120.0,105.0,320.0,160.0,1,0,0
P015,executive_residence_parking_balcony,30.0,50.0,1500.0,3,2,10,10,True,60.0,1,84.0,75.0,216.0,180.0,180.0,1,120.0,105.0,320.0,160.0,1,0,0
P016,executive_residence_parking_balcony_mirrored,30.0,50.0,1500.0,3,2,10,10,True,60.0,1,84.0,75.0,216.0,180.0,180.0,1,120.0,105.0,320.0,160.0,1,0,0
P017,executive_residence_parking_balcony_mirrored,30.0,50.0,1500.0,3,2,10,10,True,60.0,1,84.0,75.0,216.0,180.0,180.0,1,120.0,105.0,320.0,160.0,1,0,0
P018,executive_residence_parking_balcony_mirrored,30.0,50.0,1500.0,3,2,10,10,True,60.0,1,84.0,75.0,216.0,180.0,180.0,1,120.0,105.0,320.0,160.0,1,0,0
P019,executive_residence_parking_balcony,30.0,50.0,1500.0,3,2,10,10,True,60.0,1,84.0,75.0,216.0,180.0,180.0,1,120.0,105.0,320.0,160.0,1,0,0
P020,executive_residence_parking_balcony_mirrored,30.0,50.0,1500.0,3,2,10,10,True,60.0,1,84.0,75.0,216.0,180.0,180.0,1,120.0,105.0,320.0,160.0,1,0,0
P021,executive_residence_parking_balcony,30.0,50.0,1500.0,3,2,10,10,True,60.0,1,84.0,75.0,216.0,180.0,180.0,1,120.0,105.0,320.0,160.0,1,0,0
P022,executive_residence_parking_balcony_mirrored,30.0,50.0,1500.0,3,2,10,10,True,60.0,1,84.0,75.0,216.0,180.0,180.0,1,120.0,105.0,320.0,160.0,1,0,0
P023,executive_residence_parking_balcony_mirrored,30.0,50.0,1500.0,3,2,10,10,True,60.0,1,84.0,75.0,216.0,180.0,180.0,1,120.0,105.0,320.0,160.0,1,0,0
P024,executive_residence_parking_balcony,30.0,50.0,1500.0,3,2,10,10,True,60.0,1,84.0,75.0,216.0,180.0,180.0,1,120.0,105.0,320.0,160.0,1,0,0
P025,executive_residence_parking_balcony_mirrored,30.0,50.0,1500.0,3,2,10,10,True,60.0,1,84.0,75.0,216.0,180.0,180.0,1,120.0,105.0,320.0,160.0,1,0,0
