plan_id,archetype,plot_width,plot_length,plot_area,bedrooms_count,bathrooms_count,rooms_count,doors_count,is_valid,bathroom_1_area,bathroom_2_area,bedroom_1_area,bedroom_2_area,bedroom_3_area,kitchen_area,living_room_area
P001,3bed_2bath_family_residence,30.0,50.0,1500.0,3,2,7,7,True,120.0,162.0,210.0,330.0,198.0,216.0,264.0
P002,3bed_2bath_family_residence,30.0,50.0,1500.0,3,2,7,7,True,120.0,162.0,240.0,360.0,198.0,189.0,231.0
P003,3bed_2bath_family_residence_mirrored,30.0,50.0,1500.0,3,2,7,7,True,120.0,175.5,195.0,315.0,214.5,216.0,264.0
P004,3bed_2bath_family_residence_mirrored,30.0,50.0,1500.0,3,2,7,7,True,120.0,175.5,225.0,345.0,214.5,189.0,231.0
P005,3bed_2bath_family_residence,30.0,50.0,1500.0,3,2,7,7,True,120.0,175.5,195.0,315.0,214.5,216.0,264.0
P006,3bed_2bath_family_residence_mirrored,30.0,50.0,1500.0,3,2,7,7,True,120.0,175.5,210.0,330.0,214.5,202.5,247.5
P007,3bed_2bath_family_residence,30.0,50.0,1500.0,3,2,7,7,True,120.0,175.5,210.0,330.0,214.5,202.5,247.5
P008,3bed_2bath_family_residence,30.0,50.0,1500.0,3,2,7,7,True,120.0,162.0,225.0,345.0,198.0,202.5,247.5
P009,3bed_2bath_family_residence_mirrored,30.0,50.0,1500.0,3,2,7,7,True,120.0,162.0,225.0,345.0,198.0,202.5,247.5
P010,3bed_2bath_family_residence,30.0,50.0,1500.0,3,2,7,7,True,120.0,162.0,210.0,330.0,198.0,216.0,264.0
